{"cameraMode":{"drawMode":0,"name":"Shaded","section":"Shading Mode"},"sceneLighting":true,"audioPlay":false,"sceneViewState":{"m_AlwaysRefresh":false,"showFog":true,"showSkybox":true,"showFlares":true,"showImageEffects":true,"showParticleSystems":true,"showVisualEffectGraphs":true,"m_FxEnabled":true},"in2DMode":false,"pivot":{"x":-0.5107560157775879,"y":0.5096204280853272,"z":-0.19823694229125977},"rotation":{"x":-0.04890557751059532,"y":0.9142234921455383,"z":-0.11609338968992233,"w":-0.3851264417171478},"size":3.2257933616638185,"orthographic":false}